<?xml version="1.0" encoding="UTF-8"?>
<project-private xmlns="http://www.netbeans.org/ns/project-private/1">
    <editor-bookmarks xmlns="http://www.netbeans.org/ns/editor-bookmarks/2" lastBookmarkId="0"/>
    <open-files xmlns="http://www.netbeans.org/ns/projectui-open-files/2">
        <group>
            <file>file:/C:/Users/denil/OneDrive/Escritorio/Javafx/NetBeansProjects/Sistema_de_tickes/src/Modelos/Departamento.java</file>
            <file>file:/C:/Users/denil/OneDrive/Escritorio/Javafx/NetBeansProjects/Sistema_de_tickes/src/Modelos/Tickets.java</file>
            <file>file:/C:/Users/denil/OneDrive/Escritorio/Javafx/NetBeansProjects/Sistema_de_tickes/src/sistema_de_tickes/TicketsController.java</file>
            <file>file:/C:/Users/denil/OneDrive/Escritorio/Javafx/NetBeansProjects/Sistema_de_tickes/src/Modelos/Gestion_De_Tickets.java</file>
            <file>file:/C:/Users/denil/OneDrive/Escritorio/Javafx/NetBeansProjects/Sistema_de_tickes/src/Modelos/Tecnico.java</file>
            <file>file:/C:/Users/denil/OneDrive/Escritorio/Javafx/NetBeansProjects/Sistema_de_tickes/src/Graficos/Tickets.fxml</file>
        </group>
    </open-files>
</project-private>
